2014/03/28 02:06:43,Being a rookie is tough! jasonstix @ryananderson33 @mranthonymorrow http://t.co/FfBK6RUxV1
2014/11/14 05:32:17,Shoutout to @ryananderson33 for sharing his story and bringing more awareness to suicide prevention. Love ya bro: http://t.co/8Zaf56zhZC
2014/11/17 03:46:54,Great passage from chapel the other night.  #Godisgood http://t.co/lIFe286E8V
2014/11/28 02:14:37,Happy thanksgiving! There are so many things to be thankful for! I hope everyone has a wonderful day.‚Ä¶ http://t.co/ntJOfIuSPm
2014/12/05 08:25:44,Game day! Keeping it üíØ http://t.co/uQKNujq3l5
2014/12/26 02:42:36,"Merry Christmas! My favorite gift this year, my sister painted this! mwithey7 #nolaliving http://t.co/NdzNZ7Zb3k"
2015/01/01 11:32:03,"friends come and go, but with a precious few you should hold on. The older you get, the more you need‚Ä¶ http://t.co/P3hquGPYlP"
2015/01/14 06:02:04,Transformation Tuesday.  1997 Boys &amp; girls club Allstar  #imthankful http://t.co/VXuMOUTK3m
2015/01/16 05:49:21,Liberty Bell with the boys @stratonwilhelm rjanderson33 and Craig #repost #Philly http://t.co/SIBPORC2YX
2015/01/19 01:54:06,So happy because it's game day!! #Nola #NBA http://t.co/dUbeHTjJbI
2015/10/31 02:16:13,J Wes' Collection 1 coming in 2016.  Go Follow justinkcbrand https://t.co/czuM9FvY7p
2016/12/13 12:04:41,"So I ended up getting 2 cats 1 boy 1 girl. This is the boy, his name is Indy. https://t.co/tL7EohpVU3"
2017/01/13 08:18:39,I'm lucky to have the friends that I do. Never take a real friend for granted. There are a lot of wolves dressed as sheep. #nofakefriends
2017/03/07 21:30:29,Join us in wishing @JeffWithey of the @utahjazz a HAPPY 27th BIRTHDAY! #NBABDAY https://t.co/xQrID2UF7y
2017/03/07 23:03:24,Join us in wishing a Happy Birthday to Jeff Withey!! üéàüéâ https://t.co/bcFQIMbVrd
2017/03/07 04:17:48,@JeffWithey do it!!!! I'm gonna get one this summer
2017/03/13 07:37:16,#1
2017/03/24 11:49:32,#RockChalk üî¥üîµ
2017/03/30 12:26:10,".@JeffWithey with the pump fake and JAM üèÄüí™

#UTAatSAC https://t.co/TpB3SFJuSn"
